ExerciseDate,ExerciseActivityName,ExerciseActiveDuration,ExerciseAverageHeartRate,ExerciseCalories,ExerciseDuration,ExerciseElevationGain,ExerciseSteps,ExerciseSedentaryMinutes,ExerciseLightMinutes,ExerciseFairlyActiveMinutes,ExerciseVeryActiveMinutes,ExerciseOutOfRangeMaxHR,ExerciseOutOfRangeMinHR,ExerciseOutOfRangeMinutes,ExerciseFatBurnMaxHR,ExerciseFatBurnMinHR,ExerciseFatBurnMinutes,ExerciseCardioMaxHR,ExerciseCardioMinHR,ExerciseCardioMinutes,ExercisePeakMaxHR,ExercisePeakMinHR,ExercisePeakMinutes,Speed,Pace,ExerciseDistance,Year,Month,Day,YearMonthDay
2018-09-13 21:19:06,Weights,3020000,122,559,3029000,27.998688,1125,0,0,1,49,96,30,0,135,96,46,164,135,4,220,164,0,0.0,0.0,0.0,2018,9,13,2018-09-13
2018-09-14 21:14:37,Weights,3367000,114,526,3398000,28.999344,989,7,2,9,38,96,30,15,135,96,33,164,135,9,220,164,0,0.0,0.0,0.0,2018,9,14,2018-09-14
2018-09-14 23:16:43,Walk,921000,104,157,921000,40.0,1483,0,1,1,14,96,30,3,135,96,13,164,135,0,220,164,0,0.0,0.0,0.0,2018,9,14,2018-09-14
2018-09-15 00:10:27,Walk,1024000,97,156,1024000,30.0,1517,0,1,2,14,96,30,6,135,96,11,164,135,0,220,164,0,0.0,0.0,0.0,2018,9,15,2018-09-15
2018-09-15 13:55:55,Run,2096000,159,535,2687000,142.998688,5486,1,0,1,32,96,30,1,135,96,1,164,135,16,220,164,17,6.937553816793893,518.9148935011357,4.04383,2018,9,15,2018-09-15
2018-09-15 16:27:43,Walk,1330000,106,218,1330000,20.0,1743,0,0,3,19,96,30,1,135,96,21,164,135,0,220,164,0,0.0,0.0,0.0,2018,9,15,2018-09-15
2018-09-15 17:14:37,Walk,1433000,91,197,1433000,40.0,1796,0,2,4,17,96,30,15,135,96,9,164,135,0,220,164,0,0.0,0.0,0.0,2018,9,15,2018-09-15
2018-09-16 15:08:32,Walk,3071000,92,414,3071000,90.0,3877,6,4,9,32,96,30,22,135,96,29,164,135,0,220,164,0,0.0,0.0,0.0,2018,9,16,2018-09-16
2018-09-16 16:02:59,Workout,2132000,141,487,2916000,13.999344,1471,0,1,1,34,96,30,0,135,96,10,164,135,25,220,164,0,0.0,0.0,0.0,2018,9,16,2018-09-16
2018-09-16 17:40:22,Walk,1792000,99,287,1792000,100.0,2934,0,0,1,29,96,30,8,135,96,22,164,135,0,220,164,0,0.0,0.0,0.0,2018,9,16,2018-09-16
2018-09-17 21:40:37,Run,1094000,162,336,1253000,82.998688,2858,0,0,0,20,96,30,0,135,96,1,164,135,8,220,164,10,6.7255502742230355,535.2721863960622,2.042801,2018,9,17,2018-09-17
2018-09-19 21:17:15,Weights,3056000,99,377,3058000,17.001312,863,9,5,10,26,96,30,20,135,96,31,164,135,0,220,164,0,0.0,0.0,0.0,2018,9,19,2018-09-19
2018-09-20 21:33:23,Walk,1434000,100,231,1434000,10.0,1903,0,0,1,23,96,30,3,135,96,21,164,135,0,220,164,0,0.0,0.0,0.0,2018,9,20,2018-09-20
2018-09-20 21:54:30,Weights,2553000,111,398,2555000,12.001312,761,5,10,1,26,96,30,10,135,96,29,164,135,4,220,164,0,0.0,0.0,0.0,2018,9,20,2018-09-20
2018-09-20 22:38:23,Bike,1173000,132,243,1175000,0.0,0,0,0,0,19,96,30,0,135,96,8,164,135,11,220,164,0,0.0,0.0,0.0,2018,9,20,2018-09-20
2018-09-21 21:28:27,Walk,1331000,83,179,1331000,10.0,1972,0,1,4,17,96,30,18,135,96,4,164,135,0,220,164,0,0.0,0.0,0.0,2018,9,21,2018-09-21
2018-09-22 00:20:48,Walk,2202000,77,246,2202000,40.0,2533,8,1,7,20,96,30,27,135,96,9,164,135,0,220,164,0,0.0,0.0,0.0,2018,9,22,2018-09-22
2018-09-22 13:10:31,Walk,922000,105,149,922000,40.0,1542,0,0,1,14,96,30,1,135,96,14,164,135,0,220,164,0,0.0,0.0,0.0,2018,9,22,2018-09-22
2018-09-22 17:30:46,Walk,2303000,81,258,2303000,50.0,2538,10,0,5,23,96,30,27,135,96,12,164,135,0,220,164,0,0.0,0.0,0.0,2018,9,22,2018-09-22
2018-09-22 20:29:34,Run,2335000,156,656,3041000,131.000656,6250,0,0,0,40,96,30,0,135,96,2,164,135,25,220,164,12,7.254368479657387,496.25270760577945,4.686158,2018,9,22,2018-09-22
2018-09-22 23:34:16,Walk,972000,95,134,972000,40.0,1336,1,0,6,9,96,30,6,135,96,10,164,135,0,220,164,0,0.0,0.0,0.0,2018,9,22,2018-09-22
2018-09-24 21:32:33,Weights,3226000,120,582,3247000,30.0,1084,1,0,7,45,96,30,3,135,96,36,164,135,15,220,164,0,0.0,0.0,0.0,2018,9,24,2018-09-24
2018-09-25 21:07:21,Walk,921000,105,144,921000,0.0,1007,0,0,2,13,96,30,2,135,96,12,164,135,1,220,164,0,0.0,0.0,0.0,2018,9,25,2018-09-25
2018-09-25 21:18:52,Weights,2969000,113,484,2971000,26.000656,769,0,2,12,35,96,30,8,135,96,40,164,135,2,220,164,0,0.0,0.0,0.0,2018,9,25,2018-09-25
2018-09-27 21:14:43,Weights,3022000,112,482,3024000,22.001312,959,2,0,12,36,96,30,7,135,96,42,164,135,2,220,164,0,0.0,0.0,0.0,2018,9,27,2018-09-27
2018-09-29 15:44:01,Run,2110000,155,553,3286000,91.000656,5589,0,0,0,35,96,30,0,135,96,3,164,135,22,220,164,11,6.893643412322275,522.2202229905101,4.025446,2018,9,29,2018-09-29
2018-09-30 20:53:35,Walk,1484000,83,173,1484000,40.0,1702,1,4,7,12,96,30,22,135,96,3,164,135,0,220,164,0,0.0,0.0,0.0,2018,9,30,2018-09-30
2018-10-01 21:14:57,Walk,921000,104,146,921000,20.0,1014,0,1,3,12,96,30,5,135,96,11,164,135,0,220,164,0,0.0,0.0,0.0,2018,10,1,2018-10-01
2018-10-01 21:27:24,Weights,3222000,115,474,3262000,37.001312,1266,6,16,4,27,96,30,17,135,96,29,164,135,8,220,164,0,0.0,0.0,0.0,2018,10,1,2018-10-01
2018-10-01 22:44:31,Walk,921000,93,128,921000,50.0,1455,0,0,4,11,96,30,9,135,96,6,164,135,0,220,164,0,0.0,0.0,0.0,2018,10,1,2018-10-01
2018-10-02 21:50:05,Weights,2291000,114,360,2293000,32.998688,799,2,1,7,28,96,30,4,135,96,30,164,135,4,220,164,0,0.0,0.0,0.0,2018,10,2,2018-10-02
2018-10-04 21:19:26,Weights,2376000,99,272,2380000,16.000656,649,3,12,10,14,96,30,17,135,96,23,164,135,0,220,164,0,0.0,0.0,0.0,2018,10,4,2018-10-04
2018-10-05 22:31:45,Walk,1740000,95,247,1740000,150.0,2598,2,2,2,23,96,30,12,135,96,17,164,135,0,220,164,0,0.0,0.0,0.0,2018,10,5,2018-10-05
2018-10-06 14:05:34,Walk,1741000,86,182,1741000,0.0,1582,7,4,6,12,96,30,18,135,96,11,164,135,0,220,164,0,0.0,0.0,0.0,2018,10,6,2018-10-06
2018-10-06 15:31:37,Run,2553000,158,669,3238000,142.001313,6862,1,0,0,41,96,30,0,135,96,1,164,135,28,220,164,13,7.097334430082256,507.232685096717,5.020247,2018,10,6,2018-10-06
2018-10-07 14:09:56,Walk,922000,85,125,922000,20.0,1391,0,2,2,11,96,30,12,135,96,4,164,135,0,220,164,0,0.0,0.0,0.0,2018,10,7,2018-10-07
2018-10-08 21:26:10,Weights,2805000,118,463,2879000,40.0,778,0,2,5,39,96,30,5,135,96,35,164,135,7,220,164,0,0.0,0.0,0.0,2018,10,8,2018-10-08
2018-10-09 21:20:43,Weights,3171000,124,590,3173000,21.000656,1167,0,0,6,47,96,30,0,135,96,38,164,135,15,220,164,0,0.0,0.0,0.0,2018,10,9,2018-10-09
2018-10-09 23:21:51,Walk,1075000,97,151,1075000,40.0,1562,0,0,3,14,96,30,6,135,96,12,164,135,0,220,164,0,0.0,0.0,0.0,2018,10,9,2018-10-09
2018-10-10 00:14:45,Walk,973000,100,146,973000,50.0,1519,0,0,2,14,96,30,4,135,96,12,164,135,0,220,164,0,0.0,0.0,0.0,2018,10,10,2018-10-10
2018-10-11 13:38:54,Walk,973000,98,148,973000,10.0,1550,0,0,4,12,96,30,6,135,96,11,164,135,0,220,164,0,0.0,0.0,0.0,2018,10,11,2018-10-11
2018-10-11 21:16:34,Weights,2944000,112,429,2947000,27.001312,952,6,3,9,31,96,30,13,135,96,33,164,135,3,220,164,0,0.0,0.0,0.0,2018,10,11,2018-10-11
2018-10-13 13:08:46,Run,1975000,158,539,2752000,106.000656,5358,0,0,0,33,96,30,0,135,96,2,164,135,17,220,164,14,7.358159392405064,489.25278836930926,4.019062,2018,10,13,2018-10-13
2018-10-14 00:39:32,Walk,1996000,94,271,1996000,50.0,2628,2,2,7,22,96,30,18,135,96,15,164,135,0,220,164,0,0.0,0.0,0.0,2018,10,14,2018-10-14
2018-10-14 03:25:54,Walk,1075000,79,136,1075000,30.0,1534,0,2,7,9,96,30,18,135,96,0,164,135,0,220,164,0,0.0,0.0,0.0,2018,10,14,2018-10-14
2018-10-14 14:01:34,Walk,1535000,95,200,1535000,30.0,1629,4,8,3,10,96,30,10,135,96,16,164,135,0,220,164,0,0.0,0.0,0.0,2018,10,14,2018-10-14
2018-10-14 14:49:20,Walk,1485000,94,203,1485000,40.0,1909,0,10,4,11,96,30,13,135,96,12,164,135,0,220,164,0,0.0,0.0,0.0,2018,10,14,2018-10-14
2018-10-19 21:24:19,Weights,2811000,117,491,2875000,46.000656,1084,0,2,11,34,96,30,5,135,96,34,164,135,9,220,164,0,0.0,0.0,0.0,2018,10,19,2018-10-19
2018-10-20 12:47:56,Walk,973000,100,161,973000,30.0,1534,0,1,2,14,96,30,6,135,96,11,164,135,0,220,164,0,0.0,0.0,0.0,2018,10,20,2018-10-20
2018-10-20 19:42:36,Walk,1587000,98,246,1587000,30.0,2370,0,0,4,23,96,30,8,135,96,19,164,135,0,220,164,0,0.0,0.0,0.0,2018,10,20,2018-10-20
2018-10-21 16:55:44,Walk,1689000,79,191,1689000,80.0,2090,2,12,5,9,96,30,24,135,96,4,164,135,0,220,164,0,0.0,0.0,0.0,2018,10,21,2018-10-21
2018-10-21 17:45:13,Walk,2969000,84,358,2969000,190.0,3623,4,13,11,21,96,30,39,135,96,10,164,135,0,220,164,0,0.0,0.0,0.0,2018,10,21,2018-10-21
2018-10-21 19:36:09,Walk,921000,97,136,921000,30.0,1320,0,0,1,14,96,30,6,135,96,9,164,135,0,220,164,0,0.0,0.0,0.0,2018,10,21,2018-10-21
2018-10-22 21:19:04,Weights,3439000,103,457,3441000,40.0,835,6,7,10,34,96,30,17,135,96,39,164,135,1,220,164,0,0.0,0.0,0.0,2018,10,22,2018-10-22
2018-10-23 21:17:31,Walk,1024000,82,124,1024000,10.0,1023,0,11,1,5,96,30,11,135,96,6,164,135,0,220,164,0,0.0,0.0,0.0,2018,10,23,2018-10-23
2018-10-23 21:29:51,Weights,3465000,116,579,3466000,22.998688,1247,0,3,6,48,96,30,7,135,96,46,164,135,5,220,164,0,0.0,0.0,0.0,2018,10,23,2018-10-23
2018-10-25 21:10:08,Weights,2190000,118,368,2197000,35.0,853,0,4,6,26,96,30,6,135,96,23,164,135,7,220,164,0,0.0,0.0,0.0,2018,10,25,2018-10-25
2018-10-28 14:11:31,Walk,921000,97,130,921000,30.0,1316,0,2,1,12,96,30,6,135,96,9,164,135,0,220,164,0,0.0,0.0,0.0,2018,10,28,2018-10-28
2018-10-28 14:59:48,Run,2102000,162,571,2608000,110.0,5632,0,0,1,34,96,30,0,135,96,1,164,135,12,220,164,21,6.913419790675547,520.7263711738565,4.024825,2018,10,28,2018-10-28
2018-10-31 02:07:12,Walk,1433000,80,198,1433000,50.0,2278,0,1,5,18,96,30,18,135,96,6,164,135,0,220,164,0,0.0,0.0,0.0,2018,10,31,2018-10-31
2018-10-31 14:29:34,Walk,2355000,91,281,2355000,80.0,2464,7,20,2,10,96,30,21,135,96,18,164,135,0,220,164,0,0.0,0.0,0.0,2018,10,31,2018-10-31
2018-11-01 18:06:35,Walk,5580000,88,734,5580000,150.0,7686,6,8,19,60,96,30,59,135,96,34,164,135,0,220,164,0,0.0,0.0,0.0,2018,11,1,2018-11-01
2018-11-02 21:18:04,Weights,3314000,108,482,3324000,36.000656,999,2,3,15,35,96,30,9,135,96,44,164,135,2,220,164,0,0.0,0.0,0.0,2018,11,2,2018-11-02
2018-11-03 19:44:34,Run,1165000,153,328,2096000,103.999344,3010,0,0,0,20,96,30,1,135,96,0,164,135,15,220,164,4,6.099691673819742,590.1937659326987,1.964994,2018,11,3,2018-11-03
2018-11-05 22:26:14,Weights,2677000,109,394,2680000,30.0,1079,0,7,9,28,96,30,12,135,96,30,164,135,2,220,164,0,0.0,0.0,0.0,2018,11,5,2018-11-05
2018-11-06 22:09:48,Walk,2150000,78,259,2150000,50.0,2483,4,16,6,9,96,30,33,135,96,1,164,135,2,220,164,0,0.0,0.0,0.0,2018,11,6,2018-11-06
2018-11-06 22:43:05,Weights,2843000,110,418,2845000,16.000656,1028,8,2,7,30,96,30,13,135,96,25,164,135,8,220,164,0,0.0,0.0,0.0,2018,11,6,2018-11-06
2018-11-08 22:30:08,Weights,2449000,110,396,2546000,35.0,787,0,1,9,30,96,30,8,135,96,30,164,135,3,220,164,0,0.0,0.0,0.0,2018,11,8,2018-11-08
2018-11-10 20:01:12,Run,1895000,158,540,2603000,168.999344,5087,0,0,0,33,96,30,1,135,96,2,164,135,13,220,164,16,6.455727071240106,557.6443923780164,3.387201,2018,11,10,2018-11-10
2018-11-11 15:53:45,Run,2735000,160,734,3198000,211.000656,7332,1,0,0,44,96,30,0,135,96,1,164,135,23,220,164,21,6.636608555758684,542.4457341055962,5.026762,2018,11,11,2018-11-11
2018-11-11 22:52:40,Walk,1331000,77,188,1331000,0.0,2313,0,1,2,19,96,30,19,135,96,3,164,135,0,220,164,0,0.0,0.0,0.0,2018,11,11,2018-11-11
2018-11-12 22:10:38,Walk,922000,106,146,922000,0.0,987,0,0,1,14,96,30,3,135,96,10,164,135,2,220,164,0,0.0,0.0,0.0,2018,11,12,2018-11-12
2018-11-12 22:22:03,Weights,2706000,111,410,2712000,32.998688,1019,2,3,13,27,96,30,11,135,96,31,164,135,3,220,164,0,0.0,0.0,0.0,2018,11,12,2018-11-12
2018-11-14 22:26:54,Weights,2680000,110,403,2682000,37.001312,789,1,2,10,31,96,30,7,135,96,36,164,135,2,220,164,0,0.0,0.0,0.0,2018,11,14,2018-11-14
2018-11-15 22:17:16,Weights,2941000,106,406,2980000,70.0,1288,4,13,8,24,96,30,17,135,96,29,164,135,3,220,164,0,0.0,0.0,0.0,2018,11,15,2018-11-15
2018-11-18 16:06:38,Run,2873000,162,856,3310000,245.0,7664,0,0,0,51,96,30,0,135,96,1,164,135,19,220,164,27,6.5936048729551,545.983580964348,5.239014,2018,11,18,2018-11-18
2018-11-19 22:21:04,Weights,3038000,107,421,3047000,37.001312,830,6,7,8,29,96,30,19,135,96,30,164,135,1,220,164,0,0.0,0.0,0.0,2018,11,19,2018-11-19
2018-11-20 13:27:04,Walk,1433000,91,191,1433000,40.0,1978,1,1,6,15,96,30,15,135,96,8,164,135,0,220,164,0,0.0,0.0,0.0,2018,11,20,2018-11-20
2018-11-21 15:18:42,Walk,1740000,83,220,1740000,120.0,2364,4,3,0,22,96,30,19,135,96,10,164,135,0,220,164,0,0.0,0.0,0.0,2018,11,21,2018-11-21
2018-11-22 14:34:12,Run,1268000,159,336,1615000,112.998688,3383,0,0,0,21,96,30,1,135,96,1,164,135,6,220,164,13,6.595185804416404,545.852703283855,2.318457,2018,11,22,2018-11-22
2018-11-22 20:50:01,Walk,1946000,75,229,1946000,50.0,2401,0,9,8,15,96,30,32,135,96,0,164,135,0,220,164,0,0.0,0.0,0.0,2018,11,22,2018-11-22
2018-11-23 20:25:55,Walk,1433000,79,178,1433000,40.0,2019,0,5,4,15,96,30,24,135,96,0,164,135,0,220,164,0,0.0,0.0,0.0,2018,11,23,2018-11-23
2018-11-24 17:44:26,Walk,3686000,76,405,3686000,50.0,4227,6,21,12,22,96,30,55,135,96,6,164,135,0,220,164,0,0.0,0.0,0.0,2018,11,24,2018-11-24
2018-11-25 17:08:24,Walk,1536000,97,230,1536000,20.0,2675,0,0,1,24,96,30,9,135,96,16,164,135,0,220,164,0,0.0,0.0,0.0,2018,11,25,2018-11-25
2018-11-25 17:37:09,Tennis,2070000,130,411,2072000,6.000656,1894,0,0,0,34,96,30,0,135,96,23,164,135,11,220,164,0,1.300761739130435,0.0,0.747936,2018,11,25,2018-11-25
2018-11-25 18:13:14,Walk,4914000,90,708,4914000,190.0,8380,0,0,13,68,96,30,57,135,96,25,164,135,0,220,164,0,0.0,0.0,0.0,2018,11,25,2018-11-25
2018-11-27 22:20:26,Weights,2870000,122,523,2873000,35.0,1147,0,0,6,42,96,30,0,135,96,36,164,135,11,220,164,1,0.0,0.0,0.0,2018,11,27,2018-11-27
2018-11-28 22:17:24,Weights,2827000,102,345,2829000,33.999344,651,11,8,6,22,96,30,22,135,96,19,164,135,6,220,164,0,0.0,0.0,0.0,2018,11,28,2018-11-28
2018-11-30 12:52:51,Walk,921000,74,120,921000,60.0,1362,0,4,2,9,96,30,15,135,96,1,164,135,0,220,164,0,0.0,0.0,0.0,2018,11,30,2018-11-30
2018-11-30 22:17:54,Weights,2383000,113,373,2385000,17.001312,773,0,2,10,27,96,30,9,135,96,28,164,135,3,220,164,0,0.0,0.0,0.0,2018,11,30,2018-11-30
2018-12-01 23:02:09,Walk,1843000,79,218,1843000,48.664698,2326,0,7,8,15,96,30,29,135,96,1,164,135,0,220,164,0,0.0,0.0,0.0,2018,12,1,2018-12-01
2018-12-02 17:05:50,Run,2534000,158,667,3224000,172.998688,6675,0,0,0,42,96,30,1,135,96,2,164,135,20,220,164,20,6.339250513022889,567.8904773686456,4.443911,2018,12,2,2018-12-02
2018-12-04 22:27:29,Weights,2281000,109,331,2282000,22.001312,614,1,7,5,25,96,30,9,135,96,28,164,135,1,220,164,0,0.0,0.0,0.0,2018,12,4,2018-12-04
2018-12-06 22:22:53,Weights,2880000,107,387,2882000,16.000656,795,8,13,8,19,96,30,17,135,96,28,164,135,3,220,164,0,0.0,0.0,0.0,2018,12,6,2018-12-06
2018-12-07 22:24:58,Weights,2788000,110,394,2790000,25.0,1235,5,7,8,26,96,30,15,135,96,26,164,135,5,220,164,0,0.0,0.0,0.0,2018,12,7,2018-12-07
2018-12-10 22:09:45,Weights,3114000,122,567,3116000,47.998688,1046,0,1,8,42,96,30,7,135,96,29,164,135,14,220,164,2,0.0,0.0,0.0,2018,12,10,2018-12-10
2018-12-12 22:05:32,Walk,1075000,91,147,1075000,10.0,1109,0,12,1,5,96,30,14,135,96,2,164,135,2,220,164,0,0.0,0.0,0.0,2018,12,12,2018-12-12
2018-12-12 22:19:14,Weights,2968000,107,420,2969000,21.000656,1003,5,10,5,29,96,30,17,135,96,28,164,135,4,220,164,0,0.0,0.0,0.0,2018,12,12,2018-12-12
2018-12-13 22:16:08,Weights,3164000,106,414,3166000,32.001312,865,12,19,2,19,96,30,21,135,96,24,164,135,6,220,164,1,0.0,0.0,0.0,2018,12,13,2018-12-13
2018-12-16 16:31:14,Run,2088000,159,579,2604000,187.001313,5492,0,0,0,35,96,30,0,135,96,1,164,135,19,220,164,15,6.475586206896552,555.9342251001108,3.74212,2018,12,16,2018-12-16
2018-12-17 19:13:17,Walk,1024000,97,129,1024000,0.0,1090,1,2,5,9,96,30,8,135,96,9,164,135,0,220,164,0,0.0,0.0,0.0,2018,12,17,2018-12-17
2018-12-17 22:00:18,Run,280000,133,54,858000,15.0,662,0,1,0,3,96,30,1,135,96,1,164,135,1,220,164,1,4.83345,744.8096080439437,0.381313,2018,12,17,2018-12-17
2018-12-19 23:04:55,Weights,1675000,137,356,1677000,22.001312,816,0,0,1,27,96,30,0,135,96,8,164,135,18,220,164,2,0.0,0.0,0.0,2018,12,19,2018-12-19
2018-12-20 22:29:42,Weights,1758000,109,243,1759000,22.998688,488,3,4,7,15,96,30,7,135,96,19,164,135,3,220,164,0,0.0,0.0,0.0,2018,12,20,2018-12-20
2018-12-21 22:13:18,Weights,2464000,98,277,2470000,15.0,773,11,7,6,17,96,30,21,135,96,20,164,135,0,220,164,0,0.0,0.0,0.0,2018,12,21,2018-12-21
2018-12-24 00:24:29,Walk,973000,88,128,973000,0.0,1592,1,1,1,13,96,30,11,135,96,5,164,135,0,220,164,0,0.0,0.0,0.0,2018,12,24,2018-12-24
2018-12-24 19:59:39,Run,2319000,159,646,2866000,180.0,6133,0,0,0,39,96,30,1,135,96,1,164,135,23,220,164,14,6.539830789133248,550.4729581049487,4.200294,2018,12,24,2018-12-24
2018-12-25 17:43:06,Walk,1024000,96,144,1024000,10.0,1616,1,2,0,14,96,30,7,135,96,8,164,135,0,220,164,0,0.0,0.0,0.0,2018,12,25,2018-12-25
2018-12-25 18:29:10,Walk,1075000,90,151,1075000,50.0,1642,0,1,4,13,96,30,13,135,96,5,164,135,0,220,164,0,0.0,0.0,0.0,2018,12,25,2018-12-25
2018-12-27 21:54:59,Weights,2234000,128,430,2237000,26.000656,795,0,1,4,33,96,30,1,135,96,26,164,135,9,220,164,2,0.0,0.0,0.0,2018,12,27,2018-12-27
2018-12-28 21:56:39,Weights,3041000,104,369,3043000,35.0,749,15,11,1,23,96,30,23,135,96,22,164,135,6,220,164,0,0.0,0.0,0.0,2018,12,28,2018-12-28
2018-12-29 18:43:22,Walk,1536000,102,228,1536000,60.0,2477,0,0,6,19,96,30,11,135,96,13,164,135,0,220,164,0,0.0,0.0,0.0,2018,12,29,2018-12-29
2018-12-29 19:07:02,Weights,4152000,132,829,4155000,38.999344,4094,2,2,3,62,96,30,4,135,96,33,164,135,31,220,164,1,0.0,0.0,0.0,2018,12,29,2018-12-29
2018-12-30 20:34:18,Walk,1024000,83,135,1024000,0.0,1551,1,1,4,11,96,30,14,135,96,3,164,135,0,220,164,0,0.0,0.0,0.0,2018,12,30,2018-12-30
2018-12-31 13:51:52,Run,1797000,157,489,2115000,137.998688,4763,0,0,0,30,96,30,0,135,96,1,164,135,19,220,164,9,6.296942904841402,571.7059935912936,3.129414,2018,12,31,2018-12-31
2018-12-31 20:35:37,Walk,2765000,68,304,2765000,60.0,3432,7,24,2,13,96,30,46,135,96,0,164,135,0,220,164,0,0.0,0.0,0.0,2018,12,31,2018-12-31
2019-01-01 16:27:51,Walk,5171000,88,664,5171000,60.0,6912,5,12,18,51,96,30,57,135,96,30,164,135,0,220,164,0,0.0,0.0,0.0,2019,1,1,2019-01-01
2019-01-01 18:34:08,Walk,1741000,87,223,1741000,30.0,2474,3,0,6,20,96,30,21,135,96,8,164,135,0,220,164,0,0.0,0.0,0.0,2019,1,1,2019-01-01
2019-01-02 22:00:07,Weights,3550000,109,383,3664000,37.998688,419,20,4,14,21,96,30,12,135,96,27,164,135,6,220,164,0,0.0,0.0,0.0,2019,1,2,2019-01-02
2019-01-03 22:07:51,Weights,3307000,111,494,3309000,21.000656,1013,1,7,13,34,96,30,12,135,96,38,164,135,5,220,164,0,0.0,0.0,0.0,2019,1,3,2019-01-03
2019-01-04 22:28:27,Weights,1863000,94,181,1870000,21.000656,356,10,15,2,4,96,30,18,135,96,13,164,135,0,220,164,0,0.0,0.0,0.0,2019,1,4,2019-01-04
2019-01-05 00:37:42,Walk,1536000,69,171,1536000,20.0,1847,2,13,4,6,96,30,26,135,96,0,164,135,0,220,164,0,0.0,0.0,0.0,2019,1,5,2019-01-05
2019-01-06 17:52:09,Run,2795000,160,799,3013000,263.999344,7427,0,0,0,47,96,30,0,135,96,1,164,135,27,220,164,18,6.3451667978533095,567.3609716954877,4.922391,2019,1,6,2019-01-06
2019-01-07 22:16:05,Weights,2401000,99,271,2404000,25.0,305,10,9,6,15,96,30,17,135,96,22,164,135,1,220,164,0,0.0,0.0,0.0,2019,1,7,2019-01-07
2019-01-09 22:16:34,Weights,2572000,114,409,2584000,32.998688,491,1,3,8,30,96,30,6,135,96,32,164,135,5,220,164,0,0.0,0.0,0.0,2019,1,9,2019-01-09
2019-01-11 22:41:16,Weights,1266000,118,220,1267000,12.998688,351,0,0,2,19,96,30,1,135,96,19,164,135,1,220,164,0,0.0,0.0,0.0,2019,1,11,2019-01-11
2019-01-14 22:28:47,Weights,5863000,113,813,5876000,518.999345,1731,26,10,8,53,96,30,32,135,96,40,164,135,23,220,164,2,0.0,0.0,0.0,2019,1,14,2019-01-14
2019-01-16 22:09:23,Weights,2802000,113,443,3123000,26.000656,502,0,2,8,36,96,30,4,135,96,40,164,135,3,220,164,0,0.0,0.0,0.0,2019,1,16,2019-01-16
2019-01-17 22:16:37,Weights,2605000,105,349,2607000,23.999344,567,2,10,9,22,96,30,15,135,96,28,164,135,1,220,164,0,0.0,0.0,0.0,2019,1,17,2019-01-17
2019-01-22 22:15:44,Weights,2836000,116,461,2837000,38.999344,791,1,1,9,36,96,30,2,135,96,39,164,135,6,220,164,0,0.0,0.0,0.0,2019,1,22,2019-01-22
2019-01-23 22:23:39,Weights,2663000,122,456,2676000,32.001312,811,2,1,5,36,96,30,4,135,96,31,164,135,9,220,164,1,0.0,0.0,0.0,2019,1,23,2019-01-23
2019-01-24 22:25:08,Weights,2322000,124,430,2324000,21.000656,941,0,0,4,34,96,30,0,135,96,28,164,135,10,220,164,0,0.0,0.0,0.0,2019,1,24,2019-01-24
2019-01-26 19:42:32,Run,622000,150,152,808000,77.080053,1591,1,0,0,9,96,30,0,135,96,0,164,135,7,220,164,3,6.38076848874598,564.1953639831105,1.102455,2019,1,26,2019-01-26
2019-01-26 19:57:18,Run,162000,109,28,162000,0.672572,286,0,0,0,2,96,30,0,135,96,1,164,135,1,220,164,0,4.079511111111111,882.4586824129253,0.183578,2019,1,26,2019-01-26
2019-01-26 20:08:36,Run,800000,156,216,864000,88.884515,1920,0,0,0,13,96,30,0,135,96,1,164,135,5,220,164,7,5.8129290000000005,619.3091297003627,1.291762,2019,1,26,2019-01-26
2019-01-28 22:14:17,Weights,2831000,107,377,2833000,31.000656,793,5,10,7,25,96,30,17,135,96,22,164,135,8,220,164,0,0.0,0.0,0.0,2019,1,28,2019-01-28
2019-01-30 22:24:44,Weights,2279000,122,390,2926000,35.0,1123,1,2,2,32,96,30,5,135,96,22,164,135,10,220,164,1,0.0,0.0,0.0,2019,1,30,2019-01-30
2019-01-31 22:00:28,Run,211000,142,68,730000,22.998688,279,0,0,0,5,96,30,0,135,96,1,164,135,3,220,164,0,5.493941232227488,655.2672931560281,0.338982,2019,1,31,2019-01-31
2019-02-01 21:54:30,Weights,2314000,118,399,2316000,21.000656,813,0,0,5,34,96,30,0,135,96,33,164,135,6,220,164,0,0.0,0.0,0.0,2019,2,1,2019-02-01
2019-02-02 18:54:01,Walk,922000,72,102,922000,20.0,1062,2,13,0,0,96,30,15,135,96,0,164,135,0,220,164,0,0.0,0.0,0.0,2019,2,2,2019-02-02
2019-02-02 19:17:04,Sport,921000,110,154,921000,0.0,1397,0,0,0,15,96,30,0,135,96,14,164,135,0,220,164,0,0.0,0.0,0.0,2019,2,2,2019-02-02
2019-02-02 20:04:00,Walk,4352000,90,562,4352000,30.0,4204,0,9,26,37,96,30,39,135,96,34,164,135,0,220,164,0,0.0,0.0,0.0,2019,2,2,2019-02-02
2019-02-04 14:05:46,Weights,2732000,143,493,2733000,32.998688,777,9,1,0,35,96,30,0,135,96,13,164,135,22,220,164,2,0.0,0.0,0.0,2019,2,4,2019-02-04
2019-02-06 22:23:32,Weights,2858000,121,496,2873000,52.998688,949,0,1,8,39,96,30,2,135,96,36,164,135,10,220,164,0,0.0,0.0,0.0,2019,2,6,2019-02-06
2019-02-11 22:16:29,Weights,2865000,119,474,2869000,22.998688,1037,1,5,5,36,96,30,6,135,96,31,164,135,11,220,164,0,0.0,0.0,0.0,2019,2,11,2019-02-11
2019-02-13 22:23:49,Weights,2217000,120,386,2219000,31.000656,451,0,0,2,35,96,30,0,135,96,29,164,135,8,220,164,0,0.0,0.0,0.0,2019,2,13,2019-02-13
2019-02-17 19:36:37,Walk,922000,95,127,922000,50.0,1397,0,0,4,11,96,30,9,135,96,4,164,135,0,220,164,0,0.0,0.0,0.0,2019,2,17,2019-02-17
2019-02-18 22:26:33,Weights,5920000,106,755,5922000,503.999345,1867,35,13,7,43,96,30,38,135,96,42,164,135,15,220,164,2,0.0,0.0,0.0,2019,2,18,2019-02-18
2019-02-20 13:02:05,Weights,2141000,120,363,2142000,10.0,643,0,1,7,27,96,30,1,135,96,26,164,135,8,220,164,0,0.0,0.0,0.0,2019,2,20,2019-02-20
2019-02-23 20:19:15,Walk,2458000,95,332,2458000,80.0,3203,3,3,3,31,96,30,18,135,96,23,164,135,0,220,164,0,0.0,0.0,0.0,2019,2,23,2019-02-23
2019-02-24 14:30:38,Walk,1127000,115,189,1127000,60.0,1675,0,0,2,17,96,30,4,135,96,15,164,135,0,220,164,0,0.0,0.0,0.0,2019,2,24,2019-02-24
2019-02-24 14:47:02,Weights,2753000,125,504,3001000,52.998688,1077,0,2,2,41,96,30,1,135,96,32,164,135,12,220,164,0,0.0,0.0,0.0,2019,2,24,2019-02-24
2019-02-24 15:37:16,Workout,685000,149,151,687000,12.001312,366,0,0,1,10,96,30,0,135,96,2,164,135,4,220,164,5,0.0,0.0,0.0,2019,2,24,2019-02-24
2019-02-25 22:59:14,Walk,1024000,99,142,1024000,10.0,1237,0,0,6,11,96,30,2,135,96,15,164,135,0,220,164,0,0.0,0.0,0.0,2019,2,25,2019-02-25
2019-02-25 23:24:45,Weights,2752000,117,452,2754000,60.0,1957,1,5,5,34,96,30,7,135,96,32,164,135,6,220,164,0,0.0,0.0,0.0,2019,2,25,2019-02-25
2019-03-11 21:11:39,Weights,3062000,110,408,3067000,23.999344,730,7,11,7,26,96,30,18,135,96,25,164,135,8,220,164,0,0.0,0.0,0.0,2019,3,11,2019-03-11
2019-03-13 21:16:04,Weights,6464000,104,699,6466000,477.001313,1742,36,15,12,44,96,30,46,135,96,53,164,135,7,220,164,0,0.0,0.0,0.0,2019,3,13,2019-03-13
2019-03-14 21:16:26,Weights,2590000,127,501,2591000,36.000656,1073,0,0,0,43,96,30,0,135,96,33,164,135,7,220,164,3,0.0,0.0,0.0,2019,3,14,2019-03-14
2019-03-16 22:45:20,Walk,973000,107,154,973000,20.0,1429,0,0,2,14,96,30,2,135,96,14,164,135,0,220,164,0,0.0,0.0,0.0,2019,3,16,2019-03-16
2019-03-17 18:42:58,Run,2113000,158,557,3176000,127.998688,5620,0,0,0,35,96,30,0,135,96,2,164,135,18,220,164,14,6.030506010411736,596.9648307761503,3.522364,2019,3,17,2019-03-17
2019-03-18 21:24:09,Weights,2444000,123,414,21064000,33.999344,618,1,4,5,30,96,30,6,135,96,23,164,135,8,220,164,3,0.0,0.0,0.0,2019,3,18,2019-03-18
2019-03-19 21:18:55,Weights,6219000,102,663,6223000,493.999345,1653,34,30,8,31,96,30,50,135,96,45,164,135,9,220,164,0,0.0,0.0,0.0,2019,3,19,2019-03-19
2019-03-21 21:07:21,Walk,922000,114,141,922000,50.0,1310,0,0,3,12,96,30,6,135,96,6,164,135,2,220,164,0,0.0,0.0,0.0,2019,3,21,2019-03-21
2019-03-21 21:21:11,Weights,2741000,102,322,2743000,27.001312,813,8,7,9,21,96,30,16,135,96,26,164,135,3,220,164,0,0.0,0.0,0.0,2019,3,21,2019-03-21
2019-03-24 00:27:44,Walk,1689000,81,190,1689000,30.0,1955,5,7,3,13,96,30,23,135,96,5,164,135,0,220,164,0,0.0,0.0,0.0,2019,3,24,2019-03-24
2019-03-24 13:10:39,Run,2396000,165,678,2885000,168.999344,6373,0,0,0,41,96,30,0,135,96,2,164,135,10,220,164,28,6.321267946577629,569.5059963324384,4.189483,2019,3,24,2019-03-24
2019-03-24 19:44:48,Walk,2457000,97,354,2457000,60.0,3837,0,0,7,34,96,30,18,135,96,22,164,135,0,220,164,0,0.0,0.0,0.0,2019,3,24,2019-03-24
2019-03-25 21:15:29,Weights,16811000,106,1002,16814000,497.998688,2028,205,23,7,45,96,30,49,135,96,53,164,135,9,220,164,0,0.0,0.0,0.0,2019,3,25,2019-03-25
2019-03-27 21:04:22,Weights,3016000,100,329,3018000,45.0,455,13,15,5,17,96,30,25,135,96,19,164,135,5,220,164,0,0.0,0.0,0.0,2019,3,27,2019-03-27
2019-03-27 22:58:43,Walk,1075000,82,147,1075000,16.332021,1592,0,2,4,12,96,30,15,135,96,3,164,135,0,220,164,0,0.0,0.0,0.0,2019,3,27,2019-03-27
2019-03-30 12:53:11,Walk,2407000,88,278,2407000,0.0,2450,6,6,7,21,96,30,27,135,96,13,164,135,0,220,164,0,0.0,0.0,0.0,2019,3,30,2019-03-30
2019-03-30 17:19:25,Walk,2970000,78,299,2970000,60.0,3164,15,1,11,22,96,30,41,135,96,8,164,135,0,220,164,0,0.0,0.0,0.0,2019,3,30,2019-03-30
2019-03-31 13:21:44,Walk,921000,98,151,921000,30.0,1484,0,0,0,16,96,30,7,135,96,9,164,135,0,220,164,0,0.0,0.0,0.0,2019,3,31,2019-03-31
2019-03-31 13:35:50,Weights,3746000,122,677,3989000,38.999344,1390,0,2,6,55,96,30,3,135,96,43,164,135,17,220,164,0,0.0,0.0,0.0,2019,3,31,2019-03-31
2019-03-31 14:40:13,Walk,921000,114,147,921000,30.0,1379,0,0,1,14,96,30,5,135,96,10,164,135,0,220,164,0,0.0,0.0,0.0,2019,3,31,2019-03-31
2019-04-01 21:24:28,Weights,1844000,121,311,1847000,21.000656,530,0,1,7,22,96,30,4,135,96,20,164,135,6,220,164,1,0.0,0.0,0.0,2019,4,1,2019-04-01
2019-04-03 21:22:17,Weights,1076000,110,149,2332000,22.001312,249,2,2,2,11,96,30,6,135,96,10,164,135,2,220,164,0,0.0,0.0,0.0,2019,4,3,2019-04-03
2019-04-04 21:50:56,Walk,1229000,100,195,1229000,30.0,1841,0,0,4,16,96,30,7,135,96,5,164,135,3,220,164,0,0.0,0.0,0.0,2019,4,4,2019-04-04
2019-04-06 15:23:27,Walk,1536000,104,252,1536000,20.0,2546,0,0,3,23,96,30,2,135,96,24,164,135,0,220,164,0,0.0,0.0,0.0,2019,4,6,2019-04-06
2019-04-06 15:48:26,Workout,3310000,146,789,3312000,17.998688,4627,0,0,0,55,96,30,0,135,96,12,164,135,38,220,164,5,0.0,0.0,0.0,2019,4,6,2019-04-06
2019-04-06 17:49:20,Walk,1024000,97,147,1024000,50.0,1461,0,1,3,13,96,30,7,135,96,10,164,135,0,220,164,0,0.0,0.0,0.0,2019,4,6,2019-04-06
2019-04-07 16:26:04,Walk,2201000,79,267,2201000,50.0,2765,4,9,3,20,96,30,32,135,96,4,164,135,0,220,164,0,0.0,0.0,0.0,2019,4,7,2019-04-07
2019-04-07 19:38:36,Run,281000,132,54,509000,15.0,602,0,0,0,4,96,30,0,135,96,3,164,135,2,220,164,0,4.315772241992883,834.1496719802891,0.33522,2019,4,7,2019-04-07
2019-04-08 11:59:24,Weights,3145000,120,555,3231000,62.998688,2174,0,1,11,40,96,30,4,135,96,37,164,135,12,220,164,0,0.0,0.0,0.0,2019,4,8,2019-04-08
2019-04-09 21:07:32,Weights,3130000,108,418,3131000,28.999344,920,7,12,13,20,96,30,18,135,96,25,164,135,7,220,164,2,0.0,0.0,0.0,2019,4,9,2019-04-09
2019-04-11 21:11:14,Weights,2892000,99,301,2893000,27.998688,465,14,8,10,16,96,30,24,135,96,23,164,135,1,220,164,0,0.0,0.0,0.0,2019,4,11,2019-04-11
2019-04-13 13:41:51,Walk,3994000,85,518,3994000,90.0,5459,0,16,16,34,96,30,50,135,96,17,164,135,0,220,164,0,0.0,0.0,0.0,2019,4,13,2019-04-13
2019-04-13 21:20:03,Walk,922000,110,150,922000,30.0,1362,0,0,2,13,96,30,0,135,96,14,164,135,1,220,164,0,0.0,0.0,0.0,2019,4,13,2019-04-13
2019-04-13 21:33:19,Weights,2634000,118,441,3528000,57.001312,1825,3,5,6,29,96,30,10,135,96,22,164,135,9,220,164,3,0.0,0.0,0.0,2019,4,13,2019-04-13
2019-04-15 21:17:25,Weights,2680000,102,309,2682000,57.001312,471,5,10,11,18,96,30,18,135,96,27,164,135,0,220,164,0,0.0,0.0,0.0,2019,4,15,2019-04-15
2019-04-16 21:23:04,Weights,2439000,104,296,2440000,28.999344,605,4,12,7,17,96,30,17,135,96,18,164,135,4,220,164,0,0.0,0.0,0.0,2019,4,16,2019-04-16
2019-04-19 11:09:12,Run,2333000,158,638,2852000,153.999344,6164,0,0,0,39,96,30,0,135,96,1,164,135,24,220,164,13,6.19342580368624,581.26150439347,4.000587,2019,4,19,2019-04-19
2019-04-21 19:17:45,Run,2216000,154,562,2799000,122.001313,5895,0,0,0,36,96,30,0,135,96,1,164,135,29,220,164,7,6.559238989169675,548.8441579799365,4.009267,2019,4,21,2019-04-21
2019-04-23 21:13:51,Weights,2898000,105,345,2900000,31.000656,482,10,28,1,9,96,30,21,135,96,22,164,135,6,220,164,0,0.0,0.0,0.0,2019,4,23,2019-04-23
2019-04-25 21:10:58,Weights,3147000,106,389,3149000,28.999344,614,5,33,5,9,96,30,23,135,96,28,164,135,2,220,164,0,0.0,0.0,0.0,2019,4,25,2019-04-25
2019-04-26 22:07:20,Weights,2679000,106,322,2680000,21.000656,571,9,11,3,21,96,30,14,135,96,27,164,135,3,220,164,0,0.0,0.0,0.0,2019,4,26,2019-04-26
2019-04-26 22:55:17,Walk,921000,96,129,921000,30.0,1280,0,0,4,11,96,30,8,135,96,7,164,135,0,220,164,0,0.0,0.0,0.0,2019,4,26,2019-04-26
2019-04-27 20:16:15,Run,1750000,158,486,2684000,107.001312,4620,0,0,0,30,96,30,1,135,96,1,164,135,17,220,164,10,6.440354742857143,558.9754204133991,3.124152,2019,4,27,2019-04-27
2019-04-27 21:03:01,Walk,1741000,116,309,1741000,50.0,2725,0,0,1,28,96,30,0,135,96,28,164,135,1,220,164,0,0.0,0.0,0.0,2019,4,27,2019-04-27
2019-04-29 21:17:03,Weights,3586000,120,609,3943000,83.999344,2266,1,0,9,49,96,30,1,135,96,48,164,135,7,220,164,3,0.0,0.0,0.0,2019,4,29,2019-04-29
2019-05-02 21:13:44,Weights,2776000,114,438,2794000,35.0,586,2,3,12,29,96,30,8,135,96,31,164,135,8,220,164,0,0.0,0.0,0.0,2019,5,2,2019-05-02
2019-05-04 13:26:28,Walk,973000,84,121,973000,0.0,1317,1,1,5,9,96,30,11,135,96,4,164,135,0,220,164,0,0.0,0.0,0.0,2019,5,4,2019-05-04
2019-05-04 14:50:57,Walk,3686000,103,346,3686000,0.0,2629,29,2,5,25,96,30,10,135,96,22,164,135,0,220,164,0,0.0,0.0,0.0,2019,5,4,2019-05-04
2019-05-04 17:46:42,Walk,3994000,85,496,3994000,20.0,5331,6,5,15,40,96,30,60,135,96,7,164,135,0,220,164,0,0.0,0.0,0.0,2019,5,4,2019-05-04
2019-05-04 22:35:07,Walk,1536000,85,181,1536000,10.0,2023,4,0,6,15,96,30,22,135,96,3,164,135,0,220,164,0,0.0,0.0,0.0,2019,5,4,2019-05-04
2019-05-04 23:47:39,Walk,1229000,102,190,1229000,10.0,2048,0,1,1,18,96,30,1,135,96,19,164,135,0,220,164,0,0.0,0.0,0.0,2019,5,4,2019-05-04
2019-05-05 15:22:01,Walk,1843000,85,219,1843000,10.0,2338,2,2,10,16,96,30,28,135,96,2,164,135,0,220,164,0,0.0,0.0,0.0,2019,5,5,2019-05-05
2019-05-05 16:37:57,Walk,1178000,89,158,1178000,0.0,1752,0,2,1,16,96,30,13,135,96,7,164,135,0,220,164,0,0.0,0.0,0.0,2019,5,5,2019-05-05
2019-05-05 22:15:00,Walk,921000,95,132,921000,0.0,1300,0,3,2,11,96,30,9,135,96,7,164,135,0,220,164,0,0.0,0.0,0.0,2019,5,5,2019-05-05
2019-05-06 21:33:32,Walk,922000,101,150,922000,30.0,1361,0,0,0,15,96,30,4,135,96,8,164,135,0,220,164,0,0.0,0.0,0.0,2019,5,6,2019-05-06
2019-05-06 21:48:07,Weights,3452000,136,744,3453000,0.0,1982,0,0,0,57,96,30,0,135,96,28,164,135,29,220,164,0,0.0,0.0,0.0,2019,5,6,2019-05-06
2019-05-08 01:28:34,Walk,1382000,101,216,1382000,90.0,2077,0,0,2,21,96,30,4,135,96,19,164,135,0,220,164,0,0.0,0.0,0.0,2019,5,8,2019-05-08
2019-05-08 02:09:48,Weights,4610000,109,513,4612000,0.0,546,23,6,14,33,96,30,12,135,96,40,164,135,3,220,164,0,0.0,0.0,0.0,2019,5,8,2019-05-08
2019-05-08 14:19:06,Walk,1178000,106,185,1178000,30.0,1882,0,0,2,17,96,30,1,135,96,17,164,135,0,220,164,0,0.0,0.0,0.0,2019,5,8,2019-05-08
2019-05-09 01:38:20,Walk,1126000,89,164,1126000,80.0,1887,0,2,0,16,96,30,14,135,96,5,164,135,0,220,164,0,0.0,0.0,0.0,2019,5,9,2019-05-09
2019-05-10 21:46:06,Walk,2150000,88,271,2150000,10.0,2704,3,4,3,25,96,30,14,135,96,21,164,135,0,220,164,0,0.0,0.0,0.0,2019,5,10,2019-05-10
2019-05-11 20:43:20,Walk,1075000,104,163,1075000,40.0,1498,0,0,3,15,96,30,3,135,96,15,164,135,0,220,164,0,0.0,0.0,0.0,2019,5,11,2019-05-11
2019-05-11 21:02:38,Weights,3522000,138,776,3567000,0.0,2215,0,0,0,59,96,30,0,135,96,13,164,135,45,220,164,1,0.0,0.0,0.0,2019,5,11,2019-05-11
2019-05-15 20:48:33,Weights,2545000,120,447,2548000,0.0,1016,1,2,3,36,96,30,4,135,96,32,164,135,6,220,164,0,0.0,0.0,0.0,2019,5,15,2019-05-15
2019-05-16 21:19:02,Weights,2585000,103,285,2587000,0.0,243,10,9,9,15,96,30,16,135,96,26,164,135,1,220,164,0,0.0,0.0,0.0,2019,5,16,2019-05-16
2019-05-18 16:00:54,Walk,4506000,92,567,4506000,20.0,5379,4,8,19,44,96,30,48,135,96,27,164,135,0,220,164,0,0.0,0.0,0.0,2019,5,18,2019-05-18
2019-05-19 18:55:48,Run,2145000,153,556,3834000,0.0,5525,0,0,0,37,96,30,1,135,96,2,164,135,28,220,164,5,6.079898181818182,592.115178962327,3.608448,2019,5,19,2019-05-19
2019-05-20 21:21:18,Weights,2359000,113,332,2360000,0.0,376,8,2,5,24,96,30,11,135,96,18,164,135,10,220,164,0,0.0,0.0,0.0,2019,5,20,2019-05-20
2019-05-22 21:03:18,Weights,749000,109,85,3145000,0.0,115,3,2,2,5,96,30,2,135,96,9,164,135,0,220,164,0,0.0,0.0,0.0,2019,5,22,2019-05-22
2019-06-14 11:59:51,Weights,2400000,126,439,2402000,37.001312,1718,0,0,5,35,96,30,1,135,96,31,164,135,3,220,164,5,0.0,0.0,0.0,2019,6,14,2019-06-14
2019-06-14 22:16:38,Walk,1792000,88,243,1792000,60.0,2475,2,2,5,20,96,30,22,135,96,5,164,135,2,220,164,0,0.0,0.0,0.0,2019,6,14,2019-06-14
2019-06-15 16:24:02,Workout,6994000,140,1445,6995000,337.998688,9091,8,8,4,96,96,30,13,135,96,35,164,135,48,220,164,19,0.0,0.0,0.0,2019,6,15,2019-06-15
2019-06-16 15:45:42,Sport,2610000,91,325,2610000,0.0,2810,0,17,4,23,96,30,23,135,96,21,164,135,0,220,164,0,0.0,0.0,0.0,2019,6,16,2019-06-16
2019-06-16 16:29:12,Walk,922000,102,135,922000,30.0,1345,1,0,0,14,96,30,3,135,96,11,164,135,0,220,164,0,0.0,0.0,0.0,2019,6,16,2019-06-16
2019-06-18 21:43:58,Weights,3289000,133,690,3389000,55.0,2009,0,0,0,55,96,30,0,135,96,35,164,135,17,220,164,3,0.0,0.0,0.0,2019,6,18,2019-06-18
2019-06-19 21:46:00,Walk,2611000,92,343,2611000,30.0,3132,0,5,13,26,96,30,27,135,96,17,164,135,0,220,164,0,0.0,0.0,0.0,2019,6,19,2019-06-19
2019-06-20 18:21:35,Walk,1075000,94,152,1075000,20.0,1565,0,1,3,14,96,30,9,135,96,9,164,135,0,220,164,0,0.0,0.0,0.0,2019,6,20,2019-06-20
2019-06-22 15:26:35,Walk,1689000,104,265,1689000,60.0,2763,0,1,3,24,96,30,7,135,96,21,164,135,0,220,164,0,0.0,0.0,0.0,2019,6,22,2019-06-22
2019-06-23 18:00:55,Run,2197000,153,556,3643000,153.999344,5678,0,0,0,37,96,30,0,135,96,3,164,135,26,220,164,7,6.256649248975876,575.3878564615507,3.797714,2019,6,23,2019-06-23
2019-06-24 22:23:51,Sport,3019000,87,347,3019000,0.0,3412,0,25,8,18,96,30,33,135,96,15,164,135,0,220,164,0,0.0,0.0,0.0,2019,6,24,2019-06-24
2019-06-24 23:14:10,Walk,1075000,107,155,1075000,30.0,1399,1,1,1,14,96,30,1,135,96,15,164,135,0,220,164,0,0.0,0.0,0.0,2019,6,24,2019-06-24
2019-06-25 21:44:56,Walk,1126000,93,158,1126000,30.0,1531,0,1,3,15,96,30,7,135,96,12,164,135,0,220,164,0,0.0,0.0,0.0,2019,6,25,2019-06-25
2019-06-25 22:09:45,Weights,2051000,138,449,2178000,25.0,1117,0,0,1,34,96,30,0,135,96,12,164,135,23,220,164,0,0.0,0.0,0.0,2019,6,25,2019-06-25
2019-06-25 22:42:57,Walk,1331000,111,179,1331000,40.0,1656,2,3,3,14,96,30,12,135,96,7,164,135,2,220,164,0,0.0,0.0,0.0,2019,6,25,2019-06-25
2019-06-26 22:09:18,Weights,2032000,125,371,2034000,25.0,745,1,0,4,28,96,30,4,135,96,18,164,135,12,220,164,0,0.0,0.0,0.0,2019,6,26,2019-06-26
2019-06-26 22:40:46,Walk,921000,106,148,921000,50.0,1336,0,1,2,12,96,30,9,135,96,4,164,135,3,220,164,0,0.0,0.0,0.0,2019,6,26,2019-06-26
2019-06-29 22:47:49,Walk,2611000,82,276,2611000,20.0,2478,1,26,5,11,96,30,36,135,96,8,164,135,0,220,164,0,0.0,0.0,0.0,2019,6,29,2019-06-29
2019-06-30 00:12:17,Walk,2867000,82,316,2867000,0.0,3148,4,9,15,19,96,30,44,135,96,4,164,135,0,220,164,0,0.0,0.0,0.0,2019,6,30,2019-06-30
2019-06-30 17:37:35,Walk,922000,97,127,922000,40.0,1242,0,1,3,11,96,30,6,135,96,9,164,135,0,220,164,0,0.0,0.0,0.0,2019,6,30,2019-06-30
2019-06-30 17:52:57,Sport,2150000,104,337,2150000,0.0,2819,0,2,6,28,96,30,9,135,96,26,164,135,0,220,164,0,0.0,0.0,0.0,2019,6,30,2019-06-30
2019-06-30 18:34:45,Walk,1946000,105,310,1946000,30.0,2865,1,1,1,29,96,30,8,135,96,25,164,135,0,220,164,0,0.0,0.0,0.0,2019,6,30,2019-06-30
2019-06-30 20:04:20,Walk,768000,106,116,768000,0.0,1037,0,0,1,11,96,30,2,135,96,11,164,135,0,220,164,0,0.0,0.0,0.0,2019,6,30,2019-06-30
2019-07-01 21:05:23,Weights,3151000,121,500,3154000,17.001312,953,10,15,0,27,96,30,15,135,96,19,164,135,13,220,164,5,0.0,0.0,0.0,2019,7,1,2019-07-01
2019-07-03 21:16:42,Weights,2452000,117,387,2454000,28.999344,770,1,7,4,28,96,30,11,135,96,23,164,135,7,220,164,0,0.0,0.0,0.0,2019,7,3,2019-07-03
2019-07-05 15:27:29,Walk,1639000,93,227,1639000,10.0,2345,0,1,4,22,96,30,13,135,96,14,164,135,0,220,164,0,0.0,0.0,0.0,2019,7,5,2019-07-05
2019-07-05 17:19:16,Walk,2048000,82,269,2048000,120.0,2793,3,3,3,25,96,30,27,135,96,7,164,135,0,220,164,0,0.0,0.0,0.0,2019,7,5,2019-07-05
2019-07-06 15:35:49,Workout,3493000,150,857,3494000,11.000656,3290,0,0,0,59,96,30,0,135,96,12,164,135,33,220,164,14,0.0,0.0,0.0,2019,7,6,2019-07-06
2019-07-06 16:34:25,Walk,870000,125,156,870000,20.0,1310,0,1,1,12,96,30,0,135,96,13,164,135,0,220,164,0,0.0,0.0,0.0,2019,7,6,2019-07-06
2019-07-07 14:19:06,Walk,614000,86,71,614000,0.0,586,1,2,2,5,96,30,7,135,96,2,164,135,1,220,164,0,0.0,0.0,0.0,2019,7,7,2019-07-07
2019-07-07 14:29:11,Run,2344000,159,625,2789000,65.0,6143,1,0,0,38,96,30,0,135,96,1,164,135,25,220,164,13,6.161604266211604,584.2634230408668,4.004664,2019,7,7,2019-07-07
2019-07-07 15:27:24,Walk,1843000,111,308,1843000,40.0,2731,0,0,3,27,96,30,2,135,96,29,164,135,0,220,164,0,0.0,0.0,0.0,2019,7,7,2019-07-07
2019-07-08 11:06:37,Walk,819000,106,134,819000,30.0,1354,0,0,2,12,96,30,3,135,96,11,164,135,0,220,164,0,0.0,0.0,0.0,2019,7,8,2019-07-08
2019-07-08 11:25:04,Weights,1913000,130,362,1940000,38.999344,1005,0,0,4,27,96,30,2,135,96,17,164,135,8,220,164,4,0.0,0.0,0.0,2019,7,8,2019-07-08
2019-07-08 11:52:41,Walk,870000,149,183,870000,21.830709,1363,0,0,1,14,96,30,2,135,96,7,164,135,2,220,164,4,0.0,0.0,0.0,2019,7,8,2019-07-08
2019-07-12 11:33:24,Weights,3291000,144,742,3292000,95.0,2988,0,1,2,51,96,30,1,135,96,19,164,135,19,220,164,14,0.0,0.0,0.0,2019,7,12,2019-07-12
2019-07-13 15:24:21,Walk,768000,103,122,768000,10.0,1182,0,0,3,10,96,30,2,134,96,11,163,134,0,220,163,0,0.0,0.0,0.0,2019,7,13,2019-07-13
2019-07-13 15:37:09,Sport,3632000,117,668,3632000,0.0,5113,0,0,1,59,96,30,4,134,96,50,163,134,5,220,163,0,0.0,0.0,0.0,2019,7,13,2019-07-13
2019-07-13 16:37:41,Walk,871000,119,168,871000,20.0,1366,0,0,0,14,96,30,0,134,96,10,163,134,3,220,163,0,0.0,0.0,0.0,2019,7,13,2019-07-13
2019-07-13 20:32:20,Walk,614000,73,69,614000,10.0,797,1,2,2,5,96,30,10,134,96,0,163,134,0,220,163,0,0.0,0.0,0.0,2019,7,13,2019-07-13
2019-07-13 21:37:11,Walk,1996000,88,261,1996000,60.0,2546,0,4,7,22,96,30,23,134,96,10,163,134,0,220,163,0,0.0,0.0,0.0,2019,7,13,2019-07-13
2019-07-14 19:30:23,Walk,666000,84,89,666000,10.0,978,0,2,1,8,96,30,9,134,96,2,163,134,0,220,163,0,0.0,0.0,0.0,2019,7,14,2019-07-14
2019-07-14 21:17:02,Walk,1280000,87,142,1280000,10.0,1376,1,20,0,0,96,30,15,134,96,6,163,134,0,220,163,0,0.0,0.0,0.0,2019,7,14,2019-07-14
2019-07-15 20:40:13,Weights,3074000,117,465,3102000,48.999344,652,4,5,5,37,96,30,9,134,96,33,163,134,8,220,163,0,0.0,0.0,0.0,2019,7,15,2019-07-15
2019-07-17 21:45:30,Walk,768000,84,100,768000,10.0,1005,0,1,4,8,96,30,11,134,96,0,163,134,0,220,163,0,0.0,0.0,0.0,2019,7,17,2019-07-17
2019-07-17 22:04:13,Weights,3035000,143,662,3037000,35.0,1039,0,0,4,46,96,30,0,134,96,17,163,134,24,220,163,9,0.0,0.0,0.0,2019,7,17,2019-07-17
2019-07-17 22:53:45,Walk,922000,104,132,922000,20.0,1328,0,3,2,11,96,30,8,134,96,3,163,134,0,220,163,0,0.0,0.0,0.0,2019,7,17,2019-07-17
2019-07-19 12:37:47,Weights,1956000,123,365,1957000,20.0,762,0,0,4,29,96,30,1,134,96,24,163,134,8,220,163,0,0.0,0.0,0.0,2019,7,19,2019-07-19
2019-07-20 13:22:07,Walk,666000,88,90,666000,10.0,960,1,10,0,0,96,30,6,134,96,3,163,134,1,220,163,0,0.0,0.0,0.0,2019,7,20,2019-07-20
2019-07-20 13:59:40,Walk,614000,66,74,614000,10.0,894,0,10,0,0,96,30,10,134,96,0,163,134,0,220,163,0,0.0,0.0,0.0,2019,7,20,2019-07-20
2019-07-20 17:49:11,Walk,922000,120,159,922000,30.0,1337,0,0,0,15,96,30,2,134,96,10,163,134,3,220,163,0,0.0,0.0,0.0,2019,7,20,2019-07-20
2019-07-20 18:02:17,Weights,3291000,117,526,3305000,52.001312,1966,4,5,6,39,96,30,11,134,96,32,163,134,10,220,163,2,0.0,0.0,0.0,2019,7,20,2019-07-20
2019-07-22 11:42:59,Walk,768000,102,117,768000,30.0,1147,0,0,2,11,96,30,3,134,96,10,163,134,0,220,163,0,0.0,0.0,0.0,2019,7,22,2019-07-22
2019-07-22 11:53:01,Weights,2856000,108,390,2858000,31.000656,1649,5,6,10,26,96,30,13,134,96,31,163,134,3,220,163,0,0.0,0.0,0.0,2019,7,22,2019-07-22
2019-07-24 11:50:31,Walk,717000,112,125,717000,30.0,1006,0,1,1,10,96,30,2,134,96,8,163,134,2,220,163,0,0.0,0.0,0.0,2019,7,24,2019-07-24
2019-07-24 12:01:17,Weights,2706000,136,563,2717000,57.001312,1828,0,0,1,44,96,30,1,134,96,26,163,134,8,220,163,10,0.0,0.0,0.0,2019,7,24,2019-07-24
2019-07-25 22:00:38,Run,1737000,155,425,2265000,107.001312,4508,1,0,0,27,96,30,0,134,96,1,163,134,22,220,163,6,6.1778072538860105,582.73103255779,2.966528,2019,7,25,2019-07-25
2019-07-26 23:18:12,Walk,870000,79,109,870000,20.0,1213,0,2,2,10,96,30,11,134,96,3,163,134,0,220,163,0,0.0,0.0,0.0,2019,7,26,2019-07-26
2019-07-27 00:40:58,Walk,870000,85,116,870000,20.0,1309,0,0,3,11,96,30,14,134,96,1,163,134,0,220,163,0,0.0,0.0,0.0,2019,7,27,2019-07-27
2019-07-27 13:19:34,Walk,614000,78,76,614000,20.0,838,0,1,3,6,96,30,8,134,96,0,163,134,0,220,163,0,0.0,0.0,0.0,2019,7,27,2019-07-27
2019-07-27 23:48:27,Walk,870000,97,125,870000,20.0,1340,0,0,2,12,96,30,3,134,96,11,163,134,0,220,163,0,0.0,0.0,0.0,2019,7,27,2019-07-27
2019-07-28 00:00:16,Weights,4588000,151,1082,4589000,7.001312,5213,0,0,0,76,96,30,0,134,96,24,163,134,24,220,163,28,0.0,0.0,0.0,2019,7,28,2019-07-28
2019-07-28 01:18:00,Walk,1075000,108,184,1075000,20.0,1482,0,0,1,17,96,30,2,134,96,14,163,134,1,220,163,0,0.0,0.0,0.0,2019,7,28,2019-07-28
2019-07-29 22:26:20,Walk,921000,107,136,921000,10.0,1282,0,0,2,13,96,30,10,134,96,3,163,134,1,220,163,1,0.0,0.0,0.0,2019,7,29,2019-07-29
2019-07-29 22:39:45,Workout,2362000,151,582,2364000,7.998688,2491,0,0,0,40,96,30,0,134,96,1,163,134,33,220,163,6,0.0,0.0,0.0,2019,7,29,2019-07-29
2019-07-29 23:19:13,Walk,972000,108,155,972000,40.0,1360,0,0,0,16,96,30,0,134,96,16,163,134,0,220,163,0,0.0,0.0,0.0,2019,7,29,2019-07-29
2019-08-01 21:42:15,Walk,768000,83,95,768000,10.0,997,0,1,4,7,96,30,10,134,96,2,163,134,0,220,163,0,0.0,0.0,0.0,2019,8,1,2019-08-01
2019-08-01 22:01:55,Weights,5265000,120,637,5283000,58.999344,2399,32,12,5,38,96,30,17,134,96,31,163,134,10,220,163,5,0.0,0.0,0.0,2019,8,1,2019-08-01
2019-08-02 11:14:35,Walk,717000,115,131,717000,20.0,1126,0,0,0,12,96,30,0,134,96,11,163,134,0,220,163,0,0.0,0.0,0.0,2019,8,2,2019-08-02
2019-08-02 11:24:31,Weights,2694000,122,487,2697000,41.000656,1623,0,4,3,38,96,30,5,134,96,28,163,134,11,220,163,1,0.0,0.0,0.0,2019,8,2,2019-08-02
2019-08-03 13:08:27,Walk,1894000,84,234,1894000,30.0,2130,4,4,7,16,96,30,24,134,96,6,163,134,2,220,163,0,0.0,0.0,0.0,2019,8,3,2019-08-03
2019-08-03 23:39:01,Walk,973000,84,113,973000,0.0,1213,2,2,4,8,96,30,12,134,96,4,163,134,0,220,163,0,0.0,0.0,0.0,2019,8,3,2019-08-03
2019-08-04 00:26:49,Walk,614000,102,95,614000,0.0,971,0,0,1,9,96,30,2,134,96,9,163,134,0,220,163,0,0.0,0.0,0.0,2019,8,4,2019-08-04
2019-08-04 17:17:08,Walk,1228000,88,152,1228000,20.0,1596,1,3,6,10,96,30,13,134,96,7,163,134,0,220,163,0,0.0,0.0,0.0,2019,8,4,2019-08-04
2019-08-04 17:37:36,Sport,2764000,118,521,2764000,0.0,4235,0,0,3,43,96,30,2,134,96,44,163,134,0,220,163,0,0.0,0.0,0.0,2019,8,4,2019-08-04
2019-08-04 18:23:40,Walk,3942000,104,627,3942000,70.0,5994,3,15,1,46,96,30,23,134,96,40,163,134,3,220,163,0,0.0,0.0,0.0,2019,8,4,2019-08-04
2019-08-04 20:14:35,Walk,1076000,99,160,1076000,0.0,1692,0,0,0,17,96,30,8,134,96,10,163,134,0,220,163,0,0.0,0.0,0.0,2019,8,4,2019-08-04
2019-08-05 11:44:42,Walk,819000,118,154,819000,20.0,1253,0,0,0,14,96,30,0,134,96,14,163,134,0,220,163,0,0.0,0.0,0.0,2019,8,5,2019-08-05
2019-08-05 11:56:19,Weights,2839000,118,470,2841000,38.999344,1734,2,2,12,31,96,30,5,134,96,34,163,134,6,220,163,2,0.0,0.0,0.0,2019,8,5,2019-08-05
2019-08-06 23:03:23,Walk,1997000,98,298,1997000,40.0,3023,0,2,4,27,96,30,10,134,96,23,163,134,0,220,163,0,0.0,0.0,0.0,2019,8,6,2019-08-06
2019-08-07 00:15:53,Run,2182000,148,565,7155000,78.999344,5534,0,0,0,38,96,30,0,134,96,4,163,134,28,220,163,4,5.966407699358386,603.3781433318973,3.593923,2019,8,7,2019-08-07
2019-08-07 03:06:35,Walk,4300000,99,604,4300000,50.0,5433,11,6,4,50,96,30,32,134,96,39,163,134,0,220,163,0,0.0,0.0,0.0,2019,8,7,2019-08-07
2019-08-08 00:23:06,Walk,1485000,90,175,1485000,10.0,1734,3,2,4,15,96,30,14,134,96,10,163,134,0,220,163,0,0.0,0.0,0.0,2019,8,8,2019-08-08
2019-08-08 21:00:25,Walk,717000,82,91,717000,20.0,988,0,0,3,8,96,30,11,134,96,1,163,134,0,220,163,0,0.0,0.0,0.0,2019,8,8,2019-08-08
2019-08-08 21:45:38,Walk,1536000,82,202,1536000,0.0,2347,0,3,6,17,96,30,23,134,96,3,163,134,0,220,163,0,0.0,0.0,0.0,2019,8,8,2019-08-08
2019-08-09 00:50:48,Walk,2458000,82,283,2458000,50.0,2859,5,1,11,23,96,30,35,134,96,6,163,134,0,220,163,0,0.0,0.0,0.0,2019,8,9,2019-08-09
2019-08-09 13:29:24,Walk,1382000,91,199,1382000,0.0,2311,0,1,2,20,96,30,11,134,96,9,163,134,0,220,163,0,0.0,0.0,0.0,2019,8,9,2019-08-09
2019-08-09 14:36:49,Walk,614000,76,61,614000,0.0,541,0,10,0,0,96,30,11,134,96,0,163,134,0,220,163,0,0.0,0.0,0.0,2019,8,9,2019-08-09
2019-08-09 21:40:45,Walk,614000,88,78,614000,0.0,811,1,9,0,0,96,30,5,134,96,5,163,134,0,220,163,0,0.0,0.0,0.0,2019,8,9,2019-08-09
2019-08-09 23:27:32,Walk,768000,95,103,768000,0.0,1090,0,1,1,10,96,30,6,134,96,7,163,134,0,220,163,0,0.0,0.0,0.0,2019,8,9,2019-08-09
2019-08-11 17:05:10,Walk,819000,96,122,819000,30.0,1274,0,0,3,10,96,30,8,134,96,4,163,134,1,220,163,0,0.0,0.0,0.0,2019,8,11,2019-08-11
2019-08-11 17:18:12,Weights,3770000,115,557,4009000,60.0,2043,7,7,13,35,96,30,19,134,96,30,163,134,7,220,163,6,0.0,0.0,0.0,2019,8,11,2019-08-11
2019-08-12 21:42:51,Walk,1024000,89,140,1024000,40.0,1475,0,1,5,11,96,30,13,134,96,4,163,134,0,220,163,0,0.0,0.0,0.0,2019,8,12,2019-08-12
2019-08-13 11:44:14,Walk,819000,120,144,819000,30.0,1131,0,0,1,12,96,30,3,134,96,10,163,134,0,220,163,0,0.0,0.0,0.0,2019,8,13,2019-08-13
2019-08-13 11:56:07,Weights,3007000,116,511,3008000,36.000656,1636,0,4,5,41,96,30,4,134,96,41,163,134,4,220,163,1,0.0,0.0,0.0,2019,8,13,2019-08-13
2019-08-14 20:57:34,Walk,819000,101,132,819000,20.0,1241,0,0,2,12,96,30,3,134,96,11,163,134,0,220,163,0,0.0,0.0,0.0,2019,8,14,2019-08-14
2019-08-14 21:12:57,Weights,4134000,109,592,4137000,57.001312,2025,7,8,14,39,96,30,20,134,96,39,163,134,9,220,163,0,0.0,0.0,0.0,2019,8,14,2019-08-14
2019-08-18 15:27:32,Walk,767000,94,119,767000,20.0,1291,0,0,1,12,96,30,8,134,96,4,163,134,1,220,163,0,0.0,0.0,0.0,2019,8,18,2019-08-18
2019-08-18 15:39:23,Treadmill,1419000,154,381,1421000,11.000656,3300,0,0,0,24,96,30,0,134,96,4,163,134,7,220,163,13,5.342463424947146,0.0,2.105822,2019,8,18,2019-08-18
2019-08-18 16:03:14,Workout,1612000,141,348,1614000,0.0,256,0,0,0,26,96,30,0,134,96,5,163,134,21,220,163,0,0.0,0.0,0.0,2019,8,18,2019-08-18
2019-08-18 16:34:04,Walk,871000,94,123,871000,30.0,1175,1,0,2,11,96,30,6,134,96,7,163,134,0,220,163,0,0.0,0.0,0.0,2019,8,18,2019-08-18
2019-08-20 00:58:43,Walk,819000,106,138,819000,20.0,1238,0,0,1,13,96,30,1,134,96,13,163,134,0,220,163,0,0.0,0.0,0.0,2019,8,20,2019-08-20
2019-08-20 01:11:28,Weights,3299000,128,636,3305000,22.998688,1603,0,1,2,51,96,30,3,134,96,30,163,134,22,220,163,0,0.0,0.0,0.0,2019,8,20,2019-08-20
2019-08-21 11:12:20,Walk,870000,93,117,870000,20.0,1191,0,1,3,10,96,30,7,134,96,7,163,134,0,220,163,0,0.0,0.0,0.0,2019,8,21,2019-08-21
2019-08-21 11:26:00,Weights,3010000,132,594,3012000,32.001312,1546,0,2,2,47,96,30,2,134,96,25,163,134,22,220,163,2,0.0,0.0,0.0,2019,8,21,2019-08-21
2019-08-22 21:18:33,Walk,870000,107,148,870000,20.0,1339,0,0,0,15,96,30,1,134,96,14,163,134,0,220,163,0,0.0,0.0,0.0,2019,8,22,2019-08-22
2019-08-22 21:30:55,Weights,3957000,126,707,3971000,53.999344,4878,8,5,4,48,96,30,14,134,96,32,163,134,10,220,163,10,0.0,0.0,0.0,2019,8,22,2019-08-22
2019-08-23 22:35:08,Walk,1587000,78,198,1587000,40.0,2152,1,4,5,16,96,30,20,134,96,6,163,134,0,220,163,0,0.0,0.0,0.0,2019,8,23,2019-08-23
2019-08-24 16:11:34,Walk,1587000,81,200,1587000,0.0,2232,0,4,7,15,96,30,22,134,96,5,163,134,0,220,163,0,0.0,0.0,0.0,2019,8,24,2019-08-24
2019-08-24 18:10:11,Walk,2406000,85,331,2406000,80.0,3869,1,2,6,31,96,30,33,134,96,7,163,134,0,220,163,0,0.0,0.0,0.0,2019,8,24,2019-08-24
2019-08-24 21:45:13,Walk,1740000,80,221,1740000,30.0,2777,2,1,6,20,96,30,25,134,96,4,163,134,0,220,163,0,0.0,0.0,0.0,2019,8,24,2019-08-24
2019-08-24 23:22:29,Walk,615000,89,75,615000,0.0,837,1,1,1,7,96,30,6,134,96,4,163,134,0,220,163,0,0.0,0.0,0.0,2019,8,24,2019-08-24
2019-08-25 00:29:54,Walk,819000,75,105,819000,20.0,1281,0,1,2,10,96,30,14,134,96,0,163,134,0,220,163,0,0.0,0.0,0.0,2019,8,25,2019-08-25
2019-08-25 14:19:18,Walk,614000,98,89,614000,0.0,855,0,1,1,8,96,30,4,134,96,6,163,134,0,220,163,0,0.0,0.0,0.0,2019,8,25,2019-08-25
2019-08-25 14:29:12,Run,1790000,158,478,2423000,90.0,4780,0,0,0,29,96,30,0,134,96,1,163,134,20,220,163,9,6.453585251396648,557.8294637420198,3.208028,2019,8,25,2019-08-25
2019-08-25 15:07:48,Walk,1741000,117,318,1741000,40.0,2902,0,0,1,28,96,30,1,134,96,28,163,134,0,220,163,0,0.0,0.0,0.0,2019,8,25,2019-08-25
2019-08-25 18:04:33,Walk,614000,80,75,614000,20.0,869,0,10,0,0,96,30,10,134,96,0,163,134,0,220,163,0,0.0,0.0,0.0,2019,8,25,2019-08-25
2019-08-26 11:50:20,Walk,717000,99,110,717000,20.0,1146,0,0,2,10,96,30,4,134,96,8,163,134,0,220,163,0,0.0,0.0,0.0,2019,8,26,2019-08-26
2019-08-26 12:02:50,Weights,4608000,137,735,4692000,56.000656,1771,20,5,3,48,96,30,6,134,96,15,163,134,24,220,163,11,0.0,0.0,0.0,2019,8,26,2019-08-26
2019-08-26 21:57:52,Walk,615000,120,117,615000,20.0,904,0,0,0,11,96,30,0,134,96,2,163,134,1,220,163,0,0.0,0.0,0.0,2019,8,26,2019-08-26
2019-08-27 21:13:02,Walk,819000,95,111,819000,20.0,1209,1,0,2,10,96,30,4,134,96,9,163,134,0,220,163,0,0.0,0.0,0.0,2019,8,27,2019-08-27
2019-08-27 21:27:55,Weights,4489000,131,854,4490000,42.001312,4961,5,2,7,60,96,30,10,134,96,34,163,134,19,220,163,12,0.0,0.0,0.0,2019,8,27,2019-08-27
2019-08-29 11:53:46,Walk,666000,123,128,666000,40.0,1123,0,0,1,10,96,30,3,134,96,4,163,134,4,220,163,0,0.0,0.0,0.0,2019,8,29,2019-08-29
2019-08-29 12:02:18,Weights,3385000,135,700,3413000,38.999344,1903,1,2,5,48,96,30,3,134,96,23,163,134,20,220,163,10,0.0,0.0,0.0,2019,8,29,2019-08-29
2019-08-31 16:16:29,Walk,614000,90,81,614000,20.0,874,0,1,2,7,96,30,8,134,96,2,163,134,0,220,163,0,0.0,0.0,0.0,2019,8,31,2019-08-31
2019-08-31 18:15:05,Walk,2150000,88,273,2150000,20.0,2888,1,4,6,24,96,30,27,134,96,8,163,134,0,220,163,0,0.0,0.0,0.0,2019,8,31,2019-08-31
2019-08-31 19:37:00,Walk,3533000,81,396,3533000,10.0,4189,4,10,20,24,96,30,57,134,96,2,163,134,0,220,163,0,0.0,0.0,0.0,2019,8,31,2019-08-31
2019-08-31 21:19:24,Walk,2099000,95,302,2099000,20.0,3141,0,0,2,32,96,30,19,134,96,15,163,134,0,220,163,0,0.0,0.0,0.0,2019,8,31,2019-08-31
2019-09-01 16:12:57,Run,1698000,160,452,2083000,122.001313,4494,0,0,0,28,96,30,0,134,96,1,163,134,8,220,163,19,6.44108480565371,558.9120635145299,3.028233,2019,9,1,2019-09-01
2019-09-02 19:49:06,Run,1606000,151,366,2322000,107.001312,4236,1,0,0,25,96,30,0,134,96,2,163,134,18,220,163,6,6.609812951432129,544.6447617280907,2.932241,2019,9,2,2019-09-02
2019-09-02 21:55:02,Walk,666000,69,82,666000,10.0,894,0,3,3,5,96,30,11,134,96,0,163,134,0,220,163,0,0.0,0.0,0.0,2019,9,2,2019-09-02
2019-09-02 22:47:56,Walk,973000,89,122,973000,40.0,1145,1,1,5,9,96,30,14,134,96,3,163,134,0,220,163,0,0.0,0.0,0.0,2019,9,2,2019-09-02
2019-09-04 11:49:42,Weights,3911000,122,700,3947000,61.000656,2532,3,2,7,53,96,30,7,134,96,35,163,134,22,220,163,0,0.0,0.0,0.0,2019,9,4,2019-09-04
